"Reference","Value","Footprint","Datasheet","Availability","Check_prices","Description","DigiKey","MF","MP","Package","Price","Purchase-URL","SnapEDA_Link","Menge"
"C1","10nF","Capacitor_SMD:C_0603_1608Metric_Pad1.08x0.95mm_HandSolder","~","","","","399-C0603C103K9RAC7867CT-ND","","","","","","","1"
"C2","0,1uF","Capacitor_SMD:C_0603_1608Metric_Pad1.08x0.95mm_HandSolder","~","","","","478-KGM15AR70J104KMCT-ND","","","","","","","1"
"C3","2,2uF","Capacitor_SMD:C_0603_1608Metric_Pad1.08x0.95mm_HandSolder","~","","","","311-1795-1-ND - Gurtabschnitt","","","","","","","1"
"C4, C5","1uF","Capacitor_SMD:C_0603_1608Metric_Pad1.08x0.95mm_HandSolder","~","","","","478-KGM15AR70J104KMCT-ND","","","","","","","2"
"J1","RJ25","Connector_RJ:RJ12_Amphenol_54601","~","","","","609-4729-ND","","","","","","","1"
"R1, R2","10k","Resistor_SMD:R_0603_1608Metric_Pad0.98x0.95mm_HandSolder","~","","","","2019-RN73R1JTTD1002F100CT-ND ","","","","","","","2"
"U1","ICM-42670-P","ICM-42670-P:IC_ICM-42670-P","","Not in stock","https://www.snapeda.com/parts/ICM-42670-P/TDK+InvenSense/view-part/?ref=eda","
Low-Power, Premium Performance 6-Axis MotionTrackingTM IMU with I3C, I2C and SPI interface in 2.5mm x 3mm Package
","1428-ICM-42670-PCT-ND","TDK InvenSense","ICM-42670-P","None","None","https://pricing.snapeda.com/search/part/ICM-42670-P/?ref=eda","https://www.snapeda.com/parts/ICM-42670-P/TDK+InvenSense/view-part/?ref=snap","1"
"U2","MIC94310","Package_TO_SOT_SMD:SOT-23-5_HandSoldering","","","","","576-4769-1-ND","","","","","","","1"
